Martel a reussi au moins une chose : aseptiser et blaser tout le monde. Allez mon bon Racing, un depot et au lit! #RCLens #GrandeLessive~~1429193790.817607
"36732.260015Antoine Kombouare : \""Le FC Metz est performant chez lui.\"" #FCMRCL~~1429179545.092008AK : \""Dans tous les groupes, on parle d'avenir. Pas que chez nous. Ce n'est pas nouveau.\"" #FCMRCL #RCLens~~1429179554.581115Baptiste Guillaume, Ludovic Baal et Pierrick Valdivia forfait contre Metz ! #TeamLens #RCLens #Ligue1 #FCMRCL~~1429179555.506631RT @rclensofficiel: A. #Kombouare : \""On a recupere #Landre et @WylanCyprien.\"" #FCMRCL #rclens~~1429179561.495872AK : \""Beaucoup de joueurs peuvent penser a l'avenir. Mais l'interet individuel coincide avec l'interet collectif.\"" #FCMRCL #RCLens~~1429179600.226693A. #Kombouare : \""Mon avenir ? C'est le match de samedi.\"" #FCMRCL #rclens~~1429179600.566814RT @TroisiemePoteau: STAT - Le PSG a 1,8% de chances de se qualifier au retour, soit encore moins que Lens de rester en Ligue 1. #PSGFCB~~1429179614.957915RT @rclensofficiel: A. #Kombouare : \""On a recupere #Landre et @WylanCyprien.\"" #FCMRCL #rclens~~1429179619.858871AK : \""Mon avenir ? C'est le prochain match contre @FCMetz_officiel.\"" #FCMRCL #RCLens~~1429179620.620975A. #Kombouare : \""Il reste 18 points ! On va jouer le coup a fond et tout faire pour aller chercher le maintien.\"" #FCMRCL #rclens~~1429179626.355054RT @rclensofficiel: A. #Kombouare : \""Mon avenir ? C'est le match de samedi.\"" #FCMRCL #rclens~~1429179628.737403#ligue1 Foot \u2013 L1 \u2013 Metz \u2013 Le FC Metz sans Jonathan Rivierez contre Lens \nJonathan Rivierez a declare forfait pour\u2026 ~~1429179652.72794Foot - L1 - Metz - Le FC Metz sans Jonathan Rivierez contre Lens ~~1429179657.761469RT @rclensofficiel: A. #Kombouare : \""Mon avenir ? C'est le match de samedi.\"" #FCMRCL #rclens~~1429179662.264083Foot \u2013 L1 \u2013 Metz \u2013 Le FC Metz sans Jonathan Rivierez contre Lens\nJonathan Rivierez a declare forfait pour la renc... ~~1429179662.979022RT @rclensofficiel: A. #Kombouare : \""Mon avenir ? C'est le match de samedi.\"" #FCMRCL #rclens~~1429179666.843923A. #Kombouare : \""Je crois aux chances que l'on a de nous maintenir !\"" #FCMRCL #rclens~~1429179678.552171AK : \""Aujourd'hui, je crois aux chances de nous maintenir.\"" #FCMRCL #RCLens~~1429179679.736549RT @rclensofficiel: A. #Kombouare : \""@FCMetz_officiel est performant chez lui.\"" #FCMRCL #rclens~~1429179680.3991RT @rclensofficiel: A. #Kombouare : \""Il reste 18 points ! On va jouer le coup a fond et tout faire pour aller chercher le maintien.\"" #FCMRC\u2026~~1429179687.128891RT @rclensofficiel: A. #Kombouare : \""Il reste 18 points ! On va jouer le coup a fond et tout faire pour aller chercher le maintien.\"" #FCMRC\u2026~~1429179695.399575RT @rclensofficiel: A. #Kombouare : \""Il reste 18 points ! On va jouer le coup a fond et tout faire pour aller chercher le maintien.\"" #FCMRC\u2026~~1429179702.342037RT @rclensofficiel: A. #Kombouare : \""Je crois aux chances que l'on a de nous maintenir !\"" #FCMRCL #rclens~~1429179703.804424AK : \""Avec tout le respect que j'ai pour Metz, samedi on ne joue pas Paris, Lyon ou Marseille. C'est possible.\"" #FCMRCL #RCLens~~1429179706.522459Sans surprise #Landre annonce a demi-mot son depart si descente du #RCLens ... Gros potentiel et joueur tres pro'. Good luck a lui.~~1429179709.773483New post: \""Foot - L1 - Metz - Le FC Metz sans Jonathan Rivierez contre Lens\"" ~~1429179713.426375A. #Kombouare : \""S'il y a une equipe contre qui on a des chances de gagner, c'est bien @FCMetz_officiel.\"" #FCMRCL #rclens~~1429179714.104191RT @rclensofficiel: L. #Landre : \""\u00c7a ne serait pas correcte de parler de l'avenir. On a un club a sauver !\"" #FCMRCL #rclens~~1429179730.726923RT @rclensofficiel: A. #Kombouare : \""Il reste 18 points ! On va jouer le coup a fond et tout faire pour aller chercher le maintien.\"" #FCMRC\u2026~~1429179741.202652RC Lens : Wallemme remercie, Vairelles rebondit a Bordeaux #FCGB #ligue1 #foot ~~1429179743.748588Loick Landre : ' Pas envie de parler de mon avenir ' #RCLens #ligue1 #foot ~~1429179750.210744RT @rclensofficiel: A. #Kombouare : \""Je crois aux chances que l'on a de nous maintenir !\"" #FCMRCL #rclens~~1429179753.442602RT @rclensofficiel: A. #Kombouare : \""@FCMetz_officiel cravache comme un fou, comme nous.\"" #FCMRCL #rclens~~1429179762.30328Foot - L1 - Metz - Le FC Metz sans Jonathan Rivierez contre Lens ===&gt; Full thread here :  &lt;=== ~~1429179766.505565RT @LensoisComLive: AK : \""Pour @CHBOUUT c'est un claquage. Pour @ribaldo973 c'est 15 jours. @Valdivia_Off a des problemes au genou droit.\"" \u2026~~1429179769.33895RT @rclensofficiel: A. #Kombouare : \""S'il y a une equipe contre qui on a des chances de gagner, c'est bien @FCMetz_officiel.\"" #FCMRCL #rcle\u2026~~1429179771.409797RT @rclensofficiel: A. #Kombouare : \""@FCMetz_officiel cravache comme un fou, comme nous.\"" #FCMRCL #rclens~~1429179772.91361A. #Kombouare : \""Je vis la saison la plus compliquee de ma carriere.\"" #FCMRCL #rclens~~1429179774.597707AK : \""Aujourd'hui je vis la saison la plus compliquee de ma carriere. Cette situation ne me plait pas.\"" #FCMRCL #RCLens~~1429179777.056333RT @rclensofficiel: A. #Kombouare : \""@FCMetz_officiel a eu une coupure. Je m'attends a jouer un gros match.\"" #FCMRCL #rclens~~1429179777.632113RT @rclensofficiel: A. #Kombouare : \""S'il y a une equipe contre qui on a des chances de gagner, c'est bien @FCMetz_officiel.\"" #FCMRCL #rcle\u2026~~1429179782.884664RT @rclensofficiel: A. #Kombouare : \""Mon avenir ? C'est le match de samedi.\"" #FCMRCL #rclens~~1429179792.731975RT @rclensofficiel: A. #Kombouare : \""Il reste 18 points ! On va jouer le coup a fond et tout faire pour aller chercher le maintien.\"" #FCMRC\u2026~~1429179798.451721Ligue 1 Metz Le FC Metz sans Jonathan Rivierez contre Lens - L'\u00c9quipe.fr - Actualite Metz - Lorraine :  - #Metz #Lo\u2026~~1429179805.827719RT @LensoisComLive: AK : \""Avec tout le respect que j'ai pour Metz, samedi on ne joue pas Paris, Lyon ou Marseille. C'est possible.\"" #FCMRCL\u2026~~1429179809.099262AK : \""Aujourd'hui je vis la saison la plus compliquee de ma carriere. Cette situation ne me plait pas.\"" #FCMRCL #RCLens~~1429179810.504927C'est une camera cachee, la conference de presse de AK ? #RCLens #TeamLens~~1429179817.554118RT @LensoisComLive: AK : \""Aujourd'hui je vis la saison la plus compliquee de ma carriere. Cette situation ne me plait pas.\"" #FCMRCL #RCLens~~1429179819.321123Antoine Kombouare : \""S'il y a une equipe contre qui on a des chances de gagner, c'est bien face au FC Metz\"" #FCMRCL~~1429179827.639716RT @rclensofficiel: A. #Kombouare : \""Je vis la saison la plus compliquee de ma carriere.\"" #FCMRCL #rclens~~1429179848.919924RT @rclensofficiel: A. #Kombouare : \""S'il y a une equipe contre qui on a des chances de gagner, c'est bien @FCMetz_officiel.\"" #FCMRCL #rcle\u2026~~1429179864.75066A. #Kombouare : \""A @FCMetz_officiel il y a la 2e plus belle pelouse de France.\"" #FCMRCL #rclens~~1429179870.904574AK : \""Face a @FCMetz_officiel je vais mettre une equipe offensive.\"" #FCMRCL #RCLens~~1429179893.544979RT @Rss_RclensBasta: Baptiste Guillaume, Ludovic Baal et Pierrick Valdivia forfait contre Metz ! #TeamLens #RCLens #Ligue1 #FCMRCL~~1429179903.323077Le FC Metz sans Jonathan Rivierez contre Lens ~~1429179903.671978RT @LensoisComLive: AK : \""Aujourd'hui je vis la saison la plus compliquee de ma carriere. Cette situation ne me plait pas.\"" #FCMRCL #RCLens~~1429179908.746933RT @lequipe: Le FC Metz sans Jonathan Rivierez contre Lens ~~1429179912.947058RT @LensoisComLive: AK : \""Face a @FCMetz_officiel je vais mettre une equipe offensive.\"" #FCMRCL #RCLens~~1429179926.360307RT @rclensofficiel: A. #Kombouare : \""A @FCMetz_officiel il y a la 2e plus belle pelouse de France.\"" #FCMRCL #rclens~~1429179931.436201AK : \""La goal-line technology ? Une innovation qui permet de faire moins d'erreurs d'arbitrage. C'est une bonne chose.\"" #FCMRCL #RCLens~~1429179932.411885Attendez la menace de mort donc Thiriez parle c'est le tweet d'un certains twittos Lensois avec une prise d'otage ?~~1429179933.406539Merci Qui ? MERCI HAFIZ, MERCI GERVAIS ... CC @rclensofficiel  ~~1429179935.019063RT @LensoisComLive: AK : \""Face a @FCMetz_officiel je vais mettre une equipe offensive.\"" #FCMRCL #RCLens~~1429179936.19606RT @rclensofficiel: Antoine #Kombouare avant @FCMetz_officiel : ' Jouer le coup a fond ! '  #FCMRCL #rclens ~~1429194336.803922"
Messi a Lens #RCLens #TeamLens #LRT~~1429194374.111417
Aujourd'hui #opendegolf du Cercle des Partenaires du FCGB. Beau succe : 88 decideurs de la region #complet~~1429194419.249026
RT @rclensofficiel: Antoine #Kombouare avant @FCMetz_officiel : ' Jouer le coup a fond ! '  #FCMRCL #rclens ~~1429194429.697163
RT @rclensofficiel: Antoine #Kombouare avant @FCMetz_officiel : ' Jouer le coup a fond ! '  #FCMRCL #rclens ~~1429194532.840629
RT @RiDeR288: Messi a Lens #RCLens #TeamLens #LRT~~1429194539.676663
Rejoignez MadeInLens sur les reseaux sociaux ! -&gt;  #RCLens~~1429194540.291927
RT @RiDeR288: Messi a Lens #RCLens #TeamLens #LRT~~1429194635.962579
Petit billet d'humeur sur les @GueulesNoires #Blase #TeamLens #RCLens ~~1429194656.225668
"RT @rclensofficiel: A. #Kombouare : \""S'il y a une equipe contre qui on a des chances de gagner, c'est bien @FCMetz_officiel.\"" #FCMRCL #rcle\u2026~~1429194709.923219"
RT @TroisiemePoteau: STAT - Le PSG a 1,8% de chances de se qualifier au retour, soit encore moins que Lens de rester en Ligue 1. #PSGFCB~~1429195175.217037
RT @rclensofficiel: Antoine #Kombouare avant @FCMetz_officiel : ' Jouer le coup a fond ! '  #FCMRCL #rclens ~~1429195474.235125
Loic Landre : ' refaire cette performance et si possible marquer ' -&gt;  #RCLens~~1429195692.924972
RT @CharlesPsrt: Martel a reussi au moins une chose : aseptiser et blaser tout le monde. Allez mon bon Racing, un depot et au lit! #RCLens \u2026~~1429195926.090546
AK : ' Messi a Lens ? H. Mammadov aurait ete malheureux '  #rclens~~1429196004.173775
RT @leniotna: Petit billet d'humeur sur les @GueulesNoires #Blase #TeamLens #RCLens ~~1429196029.119294
RT @LensoisCom: AK : ' Messi a Lens ? H. Mammadov aurait ete malheureux '  #rclens~~1429196102.170779
RT @Footsur7_off: LOSC \u2013 #RCLens : Pierre Mene eteint le derby du Nord\n~~1429196114.470167
RT @Footsur7_off: LOSC \u2013 #RCLens : Pierre Mene eteint le derby du Nord\n~~1429196154.972963
AK : ' Messi a Lens ? H. Mammadov aurait ete malheureux ' #RCLens #ligue1 #foot ~~1429196181.998564
Loick #Landre avant @FCMetz_officiel : ' On a un club a sauver ! '  #FCMRCL #rclens ~~1429196350.376336
RT @rclensofficiel: Loick #Landre avant @FCMetz_officiel : ' On a un club a sauver ! '  #FCMRCL #rclens ~~1429196405.266199
RT @TroisiemePoteau: STAT - Le PSG a 1,8% de chances de se qualifier au retour, soit encore moins que Lens de rester en Ligue 1. #PSGFCB~~1429196434.306731
RT @rclensofficiel: Loick #Landre avant @FCMetz_officiel : ' On a un club a sauver ! '  #FCMRCL #rclens ~~1429196506.440768
Un entraineur qui assume. Antoine Kombouare: 'Mes responsabilite sont enormes'  via @lequipe #rclens~~1429196660.606651
RT @jdomenighetti: Un entraineur qui assume. Antoine Kombouare: 'Mes responsabilite sont enormes'  via @lequipe #rcle\u2026~~1429196689.20102
"RT @LensoisComLive: Loick Landre : \""Nous ne connaitrons jamais pire saison...\"" Interview a retrouver ici :  #RCLens h\u2026~~1429196709.831908"
RT @jdomenighetti: Un entraineur qui assume. Antoine Kombouare: 'Mes responsabilite sont enormes'  via @lequipe #rcle\u2026~~1429196713.253964
RT @jdomenighetti: Un entraineur qui assume. Antoine Kombouare: 'Mes responsabilite sont enormes'  via @lequipe #rcle\u2026~~1429196812.9508
RT @jdomenighetti: Un entraineur qui assume. Antoine Kombouare: 'Mes responsabilite sont enormes'  via @lequipe #rcle\u2026~~1429196845.601007
RT @jdomenighetti: Un entraineur qui assume. Antoine Kombouare: 'Mes responsabilite sont enormes'  via @lequipe #rcle\u2026~~1429196860.919962
RT @jdomenighetti: Un entraineur qui assume. Antoine Kombouare: 'Mes responsabilite sont enormes'  via @lequipe #rcle\u2026~~1429196990.564607
"RT @LensoisComLive: AK : \""Messi sur la pelouse de la Licorne ? Ce serait interessant a voir.\"" #FCMRCL #RCLens~~1429197059.378875"
RT @rclensofficiel: #entrainement #supporters #photos #rclens  ~~1429197156.713439
#ligue1 Foot \u2013 L1 \u2013 Lens \u2013 Antoine Kombouare: 'Mes responsabilite sont enormes' \nAntoine Kombouare n'occulte pas l\u2026 ~~1429197167.947966
RT @jdomenighetti: Un entraineur qui assume. Antoine Kombouare: 'Mes responsabilite sont enormes'  via @lequipe #rcle\u2026~~1429197250.631357
RT @rclensofficiel: Loick #Landre avant @FCMetz_officiel : ' On a un club a sauver ! '  #FCMRCL #rclens ~~1429197366.037159
#LOSC - RC Lens : Pierre Mene eteint le derby du Nord ~~1429197469.4181
RT @TroisiemePoteau: STAT - Le PSG a 1,8% de chances de se qualifier au retour, soit encore moins que Lens de rester en Ligue 1. #PSGFCB~~1429197682.031819
Antoine Kombouare : ' J'espere que nous allons pouvoir proposer du jeu ' -&gt;  #RCLens~~1429197896.773005
RT @TroisiemePoteau: STAT - Le PSG a 1,8% de chances de se qualifier au retour, soit encore moins que Lens de rester en Ligue 1. #PSGFCB~~1429198065.330687
@MM_eurosportfr \u00c0 voila c'est Kolo que j'avais oublie ! Bien vu. (meme s'il a surtout ete forme a Lens) @OL @ASSEofficiel~~1429198107.949126
RT @Amelie714Amelie: RC Lens : la rivalite avec le #LOSC s'immisce en interne ? ~~1429227677.152474
"RT @rclensofficiel: A. #Kombouare : \""@FCMetz_officiel a eu une coupure. Je m'attends a jouer un gros match.\"" #FCMRCL #rclens~~1429228119.398785"
"RT @rclensofficiel: A. #Kombouare : \""@FCMetz_officiel cravache comme un fou, comme nous.\"" #FCMRCL #rclens~~1429228123.729993"
#PSG EN IMAGES. Le Barca surclasse le PSG: Barcelone a encore surclasse un Paris SG inoffensif (2-0)...  #football~~1429659133.464328
Les supporters du PSG comprennent desormais ce que cela fait d'etre Lensois #FCBPSG~~1429659809.460242
RT @Surface_Mag: Les supporters du PSG comprennent desormais ce que cela fait d'etre Lensois #FCBPSG~~1429660195.711694
RT @GROOUU: Comment un club comme le PSG peut-il se faire surclasser de la sorte apre avoir donne une lecon de football a l'OGC Nice 3 jou\u2026~~1429661108.450704
LIVE #Ligue1 26 Apr: Lens VS AS Monaco 22.00 WIB on @OrangetvID (Quad Sports) cc: @48Footy @Football48fam @SiaranBolaLive_ @ASMonacoID~~1429663354.027868
LIVE #Ligue1 26 Apr: Lens VS AS Monaco 22.00 WIB on @OrangetvID (Quad Sports) cc: @48Footy @Football48fam @SiaranBolaLive_ @AsMonacoID~~1429663805.819508
Abdoul Ba suivi en Angleterre et dans les pays de l'Est -&gt;  #RCLens~~1429679286.489077
Abdoul Ba suivi en Angleterre et dans les pays de l'Est ! #TeamLens #RCLens ~~1429679476.347199
Le 12 Lensois proteste contre la stigmatisation des supporters lensois ! #TeamLens #RCLens ~~1429679575.855905
LOSC - RC Lens : le 12 Lensois proteste contre la stigmatisation des supporters lensois -&gt;  #RCLens~~1429680251.493639
Rc Lens : La reputation de Mammadov est degradee au dela du continent europeen #RCLens #ligue1 #foot ~~1429680522.526648
RT @MadeInLens: LOSC - RC Lens : le 12 Lensois proteste contre la stigmatisation des supporters lensois -&gt;  #RCLens~~1429680818.667492
@MarianDrut tais toi sale lensois \ud83d\udc4b\ud83c\udffb a jamais parisien ! Merci ma poule \ud83d\ude18~~1429682011.433361
Cot Cot Cot galant_louis : MarianDrut tais toi sale lensois \ud83d\udc4b\ud83c\udffb a jamais parisien ! Merci ma poule \ud83d\ude18~~1429682219.898265
[LdC-1\/4] Zoumana Camara elimine par le Barca  #rclens~~1429682361.740725
[LdC-1\/4] Zoumana Camara elimine par le Barca #RCLens #ligue1 #foot ~~1429682527.197951
RT @AS_Monaco: A l'aube d'une semaine cruciale... \n\n#ASMJUV #UCL #RCLASM #Ligue1 #ImageDuJour ~~1429682783.341493
Antoine Kombouare : ' Nous sommes passes a travers le match ' -&gt;  #RCLens~~1429683068.983784
RT @Surface_Mag: Les supporters du PSG comprennent desormais ce que cela fait d'etre Lensois #FCBPSG~~1429683086.386876
- T'as pas honte ?\n- De ?\n- \u00catre Lensois.\n- Et toi ?\n- De quoi ?\n- De supporter des putes.\nUn Lillois et moi. Heureusement il etait sympa :)~~1429683151.328235
Cot Cot Cot UnePouleFolle : Cot Cot Cot galant_louis : MarianDrut tais toi sale lensois \ud83d\udc4b\ud83c\udffb a jamais parisien ! Merci ma poule \ud83d\ude18~~1429683179.24642
Anton Drobjnak bientot entraineur ? #RCLens #ligue1 #foot ~~1429683199.757866
Le RC Lens condamne a la derniere place de Ligue 1 ?  #rclens~~1429683248.36342
L'Euro 2016 va generer de l'emploi  #rclens~~1429683248.691539
Anton Drobjnak bientot entraineur ?  #rclens~~1429683249.004075
Abdoul Ba vers l'Angleterre ?  #rclens~~1429683249.269715
Geoffrey Kondogbia juge par son pere  #rclens~~1429683249.519726
RT @LensoisCom: Abdoul Ba vers l'Angleterre ?  #rclens~~1429683545.038502
Quand on sera en CFA, remettez ce panneau qui pue le football vrai. #RCLens ~~1429683572.616808
Geoffrey Kondogbia juge par son pere #RCLens #ligue1 #foot ~~1429683835.436846
RT @MadeInLens: LOSC - RC Lens : le 12 Lensois proteste contre la stigmatisation des supporters lensois -&gt;  #RCLens~~1429683880.582349
L'Euro 2016 va generer de l'emploi pour les habitants de la region ? #TeamLens #RCLens #Bollaert_Delelis ~~1429683888.815357
Cot Cot Cot UnePouleFolle : Cot Cot Cot UnePouleFolle : Cot Cot Cot galant_louis : MarianDrut tais toi sale lensois \ud83d\udc4b\ud83c\udffb a jamais parisien ! \u2026~~1429684075.968656
Metz a repris confiance face au RC Lens  #rclens~~1429684200.112496
Metz a repris confiance face au RC Lens #RCLens #ligue1 #foot ~~1429684318.575963
Beaucoup de supporters du #RCLENS sont des moutons: ils suivent #Martel les yeux fermes qui les emmene dans un precipice ! #CFA2 #TeamLens~~1429684396.264595
RT @F3nord: Le RC Lens en Ligue 2 apre le derby face au LOSC ?  #rclens~~1429684402.264884
RT @nechibou: Quand on sera en CFA, remettez ce panneau qui pue le football vrai. #RCLens ~~1429684438.410853
RT @kaporalh: #RCLens \nToc toc toc !\nQui c'est ? \nC'est Gervais ! \nGervais qui ? \nGervais bien...tout va bien! \ud83c\udfb6\ud83c\udfb6\n\ud83d\udc4d\ud83d\udc4d\ud83d\udc4c\ud83c\udfff\ud83c\udfb6\ud83d\udcb0~~1429684455.392159
RT @leniotna: Gervais au frigo, c'est pour bientot #GervaisAuFrigo #TeamLens #RCLens ~~1429684462.086293
RT @LensoisComLive: .@ribaldo973 evoque son avenir\n\n~~1429684674.90089
Ludovic Baal evoque son avenir #RCLens #ligue1 #foot ~~1429684915.744519
Ludovic Baal evoque son avenir  #rclens~~1429685064.974798
Le discours de Lemoigne me surprend... #RCLens~~1429685242.510985
RT @nechibou: Quand on sera en CFA, remettez ce panneau qui pue le football vrai. #RCLens ~~1429685785.352132
"@RomainScheers @Laurentmazure Les fous sont ceux qui pleurent car il y aura \""que\"" 1000 places allouees aux Lensois.~~1429686163.028193"
Losc -RC Lens : le 12 Lensois proteste contre la Stigmatisation des supporters Lensois =&gt;  ~~1429686225.00558
RT @RCLens_LaVerite: Beaucoup de supporters du #RCLENS sont des moutons: ils suivent #Martel les yeux fermes qui les emmene dans un precipi\u2026~~1429686387.468344
Le RC Lens condamne a la derniere place de ligue 1?=&gt;  ~~1429686471.142175
Les 14 millions de Mammadov? #RCLens #Azerbaidjan ~~1429686500.846879
RT @retour_tony: Putain quel g\u00e2chis... #RCLens ~~1429686617.962559
#FCBarclona have scored more than 1000 goals in European competitions after Neymar's double against #PSG last night. #CastleLagerFootball~~1429686934.552236
RT @nechibou: Quand on sera en CFA, remettez ce panneau qui pue le football vrai. #RCLens ~~1429687347.924401
RT @AdrienMrcl: Dites que le @SMCaen_officiel ne peut pas rivaliser avec les gros de Ligue 1 ! (Via @OptaJean) #TeamSMC ~~1429716714.602276
RT @LensoisComLive: Franck Queudrue analyse la situation du #RCLens.\n\n~~1429716946.018964
RT @LensoisComLive: Franck Queudrue analyse la situation du #RCLens.\n\n~~1429717086.44045
RT @EGP07: Attention. Ceci n'est pas une blague. Tony Chapron arbitrera... Lille-Lens\n#LOSCRCL #TeamLens #RCLens ~~1429717211.336273
toute ma vie j'aurai ce frisson en entendant le public lensois~~1429727569.321416
Allez @AS_Monaco #TeamLens~~1429728250.954096
#ASMJUV comme en 2004 1\/4 de finale retour avant de jouer #rclens , un signe?~~1429728791.684724
RT @GueulesNoires: Tre belle citation de Francois Brisson \nA la recherche des valeurs perdues du #RCLens via @thodelm ~~1429728815.194383
RT @MadeInLens: Abdoul Ba suivi en Angleterre et dans les pays de l'Est -&gt;  #RCLens~~1429729259.737676
Abdoul Ba suivi en Angleterre et dans les pays de l'Est -&gt;  #RCLens ~~1429729291.923787
#TeamLens #rclens \u2764\ud83d\udc9b ~~1429729603.185633
RT @rclensofficiel: Dedicaces des pros a @CarrefourFrance #Lievin avec #CafeGrandMere  #rclens ~~1429729911.058175
Qui ce deplace a Lille avec une association de supporter lensois ? #rclens~~1429729947.59182
RT @EGP07: Attention. Ceci n'est pas une blague. Tony Chapron arbitrera... Lille-Lens\n#LOSCRCL #TeamLens #RCLens ~~1429730275.686361
RT @EGP07: Attention. Ceci n'est pas une blague. Tony Chapron arbitrera... Lille-Lens\n#LOSCRCL #TeamLens #RCLens ~~1429730331.230626
RT @GerlebGg62: #rclens Dans le football, les normes font des ravages   ~~1429730467.523759
bienvenue @AS_Monaco dans le tre grand cercle des equipes volees par la Juve et ses arbitres. au PSG on a connu ca en 93 nous...~~1429730584.491366
RT @GueulesNoires: Tre belle citation de Francois Brisson \nA la recherche des valeurs perdues du #RCLens via @thodelm ~~1429730647.577429
RT @OLIV_1981: bienvenue @AS_Monaco dans le tre grand cercle des equipes volees par la Juve et ses arbitres. au PSG on a connu ca en 93 no\u2026~~1429730648.983747
RT @OLIV_1981: bienvenue @AS_Monaco dans le tre grand cercle des equipes volees par la Juve et ses arbitres. au PSG on a connu ca en 93 no\u2026~~1429730677.882991
RT @OLIV_1981: bienvenue @AS_Monaco dans le tre grand cercle des equipes volees par la Juve et ses arbitres. au PSG on a connu ca en 93 no\u2026~~1429730710.698243
RT @OLIV_1981: bienvenue @AS_Monaco dans le tre grand cercle des equipes volees par la Juve et ses arbitres. au PSG on a connu ca en 93 no\u2026~~1429730754.639509
RT @OLIV_1981: bienvenue @AS_Monaco dans le tre grand cercle des equipes volees par la Juve et ses arbitres. au PSG on a connu ca en 93 no\u2026~~1429730759.550855
RT @GueulesNoires: Tre belle citation de Francois Brisson \nA la recherche des valeurs perdues du #RCLens via @thodelm ~~1429730779.890654
@Raymon_Domenech Avec Varane, les lensois peuvent se targuer d'avoir former l'avenir de l'EDF !~~1429731353.432191
RT @OLIV_1981: bienvenue @AS_Monaco dans le tre grand cercle des equipes volees par la Juve et ses arbitres. au PSG on a connu ca en 93 no\u2026~~1429731563.545038
RT @OLIV_1981: bienvenue @AS_Monaco dans le tre grand cercle des equipes volees par la Juve et ses arbitres. au PSG on a connu ca en 93 no\u2026~~1429731764.395802
Seance de dedicace #TeamTouzghar #Rclens #YT7 @_Amandine_D @priscillialav @mendytouzghar @Mel59710 @olivemot ~~1429731805.624583
RT @GueulesNoires: Tre belle citation de Francois Brisson \nA la recherche des valeurs perdues du #RCLens via @thodelm ~~1429731837.85747
RT @coeff29: Seance de dedicace #TeamTouzghar #Rclens #YT7 @_Amandine_D @priscillialav @mendytouzghar @Mel59710 @olivemot ~~1429731860.422288
RT @coeff29: Seance de dedicace #TeamTouzghar #Rclens #YT7 @_Amandine_D @priscillialav @mendytouzghar @Mel59710 @olivemot ~~1429731908.014439
J'avais h\u00e2te d'aller voir Lille Lens pour insulter ces lensois et je pourrai pas parce que je passe le BAFA ... D\u00c9PRESSION \ud83d\ude2d\ud83d\ude2d~~1429732565.286732
Kondogbia c'est la creme de la creme, un pur produit lensois.~~1429732725.035611
RT @OLIV_1981: bienvenue @AS_Monaco dans le tre grand cercle des equipes volees par la Juve et ses arbitres. au PSG on a connu ca en 93 no\u2026~~1429732829.378455
@MPOFFICIAL Kondogbia c'est pas un anciens Lensois lui? \ud83d\ude0d\ud83d\ude0d\ud83d\ude02\ud83d\udc98~~1429732975.724017
RT @OLIV_1981: bienvenue @AS_Monaco dans le tre grand cercle des equipes volees par la Juve et ses arbitres. au PSG on a connu ca en 93 no\u2026~~1429733051.656688
@Josephducroquet @CorteelPaul 62 encule de Lensois de mes couilles!~~1429733061.489371
Hier yavais la #LDC Barclays avec 9 buts en deux matchs et aujourd'hui c'est la #LDC ligue 1~~1429733683.932612
RT @FlorentinRst: Hier yavais la #LDC Barclays avec 9 buts en deux matchs et aujourd'hui c'est la #LDC ligue 1~~1429733773.258052
