"Lorient Bastia Reims ce n'est pas le Barca. Nasser a rien de survoler la Ligue 1~~1429130041.515432 de la premiere mi-temps.~~1429036436.350411 #PSG\n~~1429035677.171363RT @matchActus: Foot - L1 - TFC -  Les Toulousains Didot, Pesic et Grigore seront absents a Lorient  - lequipe ~~1429179548.325898Video - Il y a pile 10 ans, ambiance Route de Lorient avec 29164 spectateurs pour Stade Rennais - St-Etienne (2-2). ~~1429179578.28909#Om\u00fc ye #Bahar geldi.. \u00c7imlere uzand\u0131k \ud83d\ude01 #E\u011fitimFak\u00fcltesi @ E\u011fitim Fak\u00fcltesi ~~1429179649.255879#ligue1 Foot \u2013 L1 \u2013 TFC \u2013 Les Toulousains Didot, Pesic et Grigore seront absents a Lorient \nEtienne Didot, Aleksan\u2026 ~~1429179651.130075Foot - L1 - TFC - Les Toulousains Didot, Pesic et Grigore seront absents a Lorient  #sports #datasports #sport #actus~~1429179651.503621New post: \""Foot - L1 - TFC -  Les Toulousains Didot, Pesic et Grigore seront absents a Lorient\"" ~~1429179713.105529Foot - L1 - TFC - Les Toulousains Didot, Pesic et Grigore seront absents a Lorient ===&gt; Full thread here : \u2026 ~~1429179766.067203#Pronostic Lorient - Toulouse Fc ( #Ligue1 )  #PronosticFoot: Ce samedi, la reception de Toulous...  #ParionsSport~~1429179778.673936RT @_ActuLigue1: #ligue1 L1 \/ LORIENT - Lorient : Le groupe face a Toulouse: Sylvain Ripoll a convoque u...  ~~1429194616.871279"
#ligue1 L1 \/ LORIENT - Lorient : Le groupe face a Toulouse: Sylvain Ripoll a convoque u...  ~~1429194627.450733
#MyTFC - Mon onze titulaire pour Lorient - TFC avec  ~~1429194958.878283
#FCLTFC  Presentation de l'adversaire du week-end : le TFC ~~1429195504.090964
RT @FCLorientOff: #FCLTFC  Presentation de l'adversaire du week-end : le TFC ~~1429195780.902077
#MyTFC - Mon onze titulaire pour Lorient - TFC avec  ~~1429196360.221117
RT @FCLorientOff: #FCLTFC  Presentation de l'adversaire du week-end : le TFC ~~1429196954.896655
@UofLmenssoccer 1Tweet4 @TorontoFC_X2, Follow #TFCLive News. #TFC Tweets, UTubes, Stats, Pics &amp; More! Visit  RT!~~1429197021.80425
Ligue 1. #FC Lorient : Guerreiro absent au moins quinze jours ~~1429197871.359417
RT @FCLorientOff: #FCLTFC  Presentation de l'adversaire du week-end : le TFC ~~1429197873.40637
Ligue 1. #FC Lorient : Guerreiro va reprendre, Jouffre out ~~1429227427.637564
For Sale: PING TFC 939 D STIFF FLEX REPLACEMENT DRIVER\u2026  #uk #golfclubs #golfclubsforsale ~~1429658944.055849
RT @OM_Officiel: Focus sur le FC Lorient #Ligue1 #Statistiques\n \u2192  \n#TeamOM ~~1429659140.436504
#Lorient Ayew, ce sale gosse: Vous avez ete 12 084 a designer votre tete a claques de la Ligue 1. Av...  #football~~1429659296.517125
RT @regislebris: Determination &amp; cohesion,ns ns battrons jusqu'au bout.Comptons sur les supporters pour un Moustoir en feu vs TFC @FCLorien\u2026~~1429659445.6784
RT @Footballogue: [#LDCLiveCamp] Thomas M\u00fcller a marque 28 buts en Ligue des Champions, un de plus que Ryan Giggs. ~~1429659750.472
RT @OM_Officiel: Focus sur le FC Lorient #Ligue1 #Statistiques\n \u2192  \n#TeamOM ~~1429660913.04775
Juve &gt; Milan #TFCLive  ~~1429660955.406841
#toulouse fc EN DIRECT \/ LIVE. FC Lorient - Toulouse - Ligue 1 Football - 18 ... ~~1429661759.224993
RT @Footballogue: [#LDCLiveCamp] Thomas M\u00fcller a marque 28 buts en Ligue des Champions, un de plus que Ryan Giggs. ~~1429661865.396318
RT @OM_Officiel: Focus sur le FC Lorient #Ligue1 #Statistiques\n \u2192  \n#TeamOM ~~1429661891.592223
#toulouse fc EN DIRECT \/ LIVE. FC Lorient - Toulouse - Ligue 1 Football - 18 ... ~~1429662623.769053
LIVE #Ligue1 25 Apr: Marseille VS Lorient 01.30 WIB on @beINSPORTSid 1 cc: @48Footy @SiaranBolaLive_ @Marseille_Indo @Marseille_ind~~1429662654.18466
TFC going for a club president now?? This should get interesting... #TFC #TFCLive~~1429662712.695768
@Sportsnet 1Tweet4 @TorontoFC_X2, Follow #TFCLive News. #TFC Tweets, UTubes, Stats, Pics &amp; More! Visit  RT!~~1429662764.503897
#Lorient Ayew, ce sale gosse: Vous avez ete 12 084 a designer votre tete a claques de la Ligue 1. Av...  #football~~1429663059.829539
LIVE #Ligue1 25 Apr: Marseille VS Lorient 01.30 WIB on @beINSPORTSid 1 cc: @48Footy @SiaranBolaLive_ @Marseille_Indo @Marseille_ind~~1429663703.856243
#etg fc Lorient 0-1 Toulouse : Lorient dans le rouge vif ~~1429663987.252705
RT @OM_Officiel: Focus sur le FC Lorient #Ligue1 #Statistiques\n \u2192  \n#TeamOM ~~1429664990.085322
#etg fc Lorient 0-1 Toulouse : Lorient dans le rouge vif ~~1429665231.738404
RT @OM_Officiel: Focus sur le FC Lorient #Ligue1 #Statistiques\n \u2192  \n#TeamOM ~~1429665400.655744
But Martin BRAITHWAITE (28') \/ FC Lorient - Toulouse FC (0-1) -  (FCL - TFC) \/ 2014-15 ~~1429665427.161772
RT @OM_Officiel: Focus sur le FC Lorient #Ligue1 #Statistiques\n \u2192  \n#TeamOM ~~1429665490.64188
RT @OM_Officiel: Focus sur le FC Lorient #Ligue1 #Statistiques\n \u2192  \n#TeamOM ~~1429665507.707183
#Lorient Ayew, ce sale gosse: Vous avez ete 12 084 a designer votre tete a claques de la Ligue 1. Av...  #football~~1429670575.628649
RT @OM_Officiel: Focus sur le FC Lorient #Ligue1 #Statistiques\n \u2192  \n#TeamOM ~~1429673301.439307
RT @duepintheva139: #etg fc Lorient 0-1 Toulouse : Lorient dans le rouge vif ~~1429673529.808838
RT @OM_Officiel: Focus sur le FC Lorient #Ligue1 #Statistiques\n \u2192  \n#TeamOM ~~1429673698.059662
RT @OM_Officiel: Focus sur le FC Lorient #Ligue1 #Statistiques\n \u2192  \n#TeamOM ~~1429673800.79479
#etg fc Lorient 0-1 Toulouse : Lorient dans le rouge vif ~~1429674000.600948
RT @OM_Officiel: Focus sur le FC Lorient #Ligue1 #Statistiques\n \u2192  \n#TeamOM ~~1429674244.880164
#Lorient Ayew, ce sale gosse: Vous avez ete 12 084 a designer votre tete a claques de la Ligue 1. Av...  #football~~1429674409.393025
Ping Mens Anser 23 Degree Hybrid Left-Handed, Graphite TFC 800 H Regular\u2026  #golf #golfclubs~~1429674699.715897
RT @OM_Officiel: Focus sur le FC Lorient #Ligue1 #Statistiques\n \u2192  \n#TeamOM ~~1429676469.166445
#om\u00fc Bug\u00fcn saat 13 te M\u00fchendislik Fak\u00fcltesi Konferans Salonu'nda ~~1429677247.074654
RT @OM_Officiel: Focus sur le FC Lorient #Ligue1 #Statistiques\n \u2192  \n#TeamOM ~~1429677942.747384
#Lorient Ayew, ce sale gosse: Vous avez ete 12 084 a designer votre tete a claques de la Ligue 1. Av...  #football~~1429678185.850642
RT @OM_Officiel: Focus sur le FC Lorient #Ligue1 #Statistiques\n \u2192  \n#TeamOM ~~1429679246.438618
RT @OM_Officiel: Focus sur le FC Lorient #Ligue1 #Statistiques\n \u2192  \n#TeamOM ~~1429680197.888186
RT @infosportplus: Le FLOP de la soiree de @ReynaldPedros : le @FCLorientOff et @s_c_bastia ! #Ligue1~~1429680780.325776
Please RT \ud83d\udc46 \n\n@GetBetTips @FF_PSG @FF_LOSC @PSG_English @PSGNEWS @PSG_info @losc @FcLillers @Ligue1_Direct @LiveActusLigue1 @appliLigue1~~1429681211.23807
RT @LesVioletsCom: Les meilleurs tweets de #FCLTFC avec @JDAkpa @steeveyago @WissBenYedder @etiennedidot @BlinAlexis sont ici : ~~1429681300.249086
\u201c@ledauphine: #Vaucluse #Ligue1 : ancien magasinier, #RomainPhilippoteaux brille avec le #FCLorient ~~1429681382.196835
RT @denisbrunel: \u201c@ledauphine: #Vaucluse #Ligue1 : ancien magasinier, #RomainPhilippoteaux brille avec le #FCLorient ~~1429681468.329788
Ligue 1 : #FC Lorient. L'entraineur de la reserve en renfort ~~1429681611.354823
RT @cemozann: #om\u00fc Bug\u00fcn saat 13 te M\u00fchendislik Fak\u00fcltesi Konferans Salonu'nda ~~1429681635.209432
#Lorient Ayew, ce sale gosse: Vous avez ete 12 084 a designer votre tete a claques de la Ligue 1. Av...  #football~~1429682141.423251
RT @OM_Officiel: Focus sur le FC Lorient #Ligue1 #Statistiques\n \u2192  \n#TeamOM ~~1429682253.451497
RT @ActusFcl: Franck Haise au chevet du FC Lorient  #fcl #fclorient #lorient~~1429682658.580667
RT @OM_Officiel: Focus sur le FC Lorient #Ligue1 #Statistiques\n \u2192  \n#TeamOM ~~1429682800.233843
RT @ActusFcl: Haise integre le staff technique de l'equipe pro jusqu'a la fin de saison, Le Lan prend la reserve et Le Garrec les U19 #LT #\u2026~~1429682831.199323
RT @ledauphine: #Vaucluse #Ligue1 : ancien magasinier, #RomainPhilippoteaux brille avec le #FCLorient ~~1429682864.62708
@ActusFcl @VestiairesMag 2 de mes anciens joueurs au SCO dans le staff d'une Ligue 1 ( Olivier Gueguan et Franck Haise) bonne chance a eux.~~1429682941.423229
Les confrontations en Ligue 1 #FCLorient #ligue1 #foot ~~1429683205.844339
RT @duepintheva139: #etg fc Lorient 0-1 Toulouse : Lorient dans le rouge vif ~~1429683237.410232
RT @EricGuerit: @ActusFcl @VestiairesMag 2 de mes anciens joueurs au SCO dans le staff d'une Ligue 1 ( Olivier Gueguan et Franck Haise) bon\u2026~~1429683239.660343
RT @OM_Officiel: Focus sur le FC Lorient #Ligue1 #Statistiques\n \u2192  \n#TeamOM ~~1429683321.900252
RT @OM_Officiel: Focus sur le FC Lorient #Ligue1 #Statistiques\n \u2192  \n#TeamOM ~~1429683403.239918
RT @OM_Officiel: Focus sur le FC Lorient #Ligue1 #Statistiques\n \u2192  \n#TeamOM ~~1429683524.795797
RT @OM_Officiel: Focus sur le FC Lorient #Ligue1 #Statistiques\n \u2192  \n#TeamOM ~~1429683590.606345
RT @ActusFcl: Haise integre le staff technique de l'equipe pro jusqu'a la fin de saison, Le Lan prend la reserve et Le Garrec les U19 #LT #\u2026~~1429684039.575905
RT @duepintheva139: #etg fc Lorient 0-1 Toulouse : Lorient dans le rouge vif ~~1429684201.315678
Sounding the SOS for FC Lorient (via @MoeSquare) -  #Ligue1~~1429684202.781235
RT @LeblondLaura: FC Lorient #Toulouse FC streaming video 2015 : video live en direct ... ~~1429684231.755341
RT @bpfootball: Sounding the SOS for FC Lorient (via @MoeSquare) -  #Ligue1~~1429684266.285618
RT @bpfootball: Sounding the SOS for FC Lorient (via @MoeSquare) -  #Ligue1~~1429684272.52031
RT @bpfootball: Sounding the SOS for FC Lorient (via @MoeSquare) -  #Ligue1~~1429684566.353345
RT @bpfootball: Sounding the SOS for FC Lorient (via @MoeSquare) -  #Ligue1~~1429684566.511322
RT @bpfootball: Sounding the SOS for FC Lorient (via @MoeSquare) -  #Ligue1~~1429684801.123265
RT @EricGuerit: @ActusFcl @VestiairesMag 2 de mes anciens joueurs au SCO dans le staff d'une Ligue 1 ( Olivier Gueguan et Franck Haise) bon\u2026~~1429685038.438364
Ligue 1 : #FC Lorient. L'entraineur de la reserve en renfort ~~1429685348.056389
RT @OM_Officiel: #OMFCL : l'astuce de Ravanelli #But\n \u2192  \n#TeamOM ~~1429685464.280597
RT @OM_Officiel: Focus sur le FC Lorient #Ligue1 #Statistiques\n \u2192  \n#TeamOM ~~1429685552.46675
#Lorient Ayew, ce sale gosse: Vous avez ete 12 084 a designer votre tete a claques de la Ligue 1. Av...  #football~~1429685949.284284
RT @ActusFcl: Franck Haise au chevet du FC Lorient  #fcl #fclorient #lorient~~1429686140.173025
RT @OM_Officiel: Focus sur le FC Lorient #Ligue1 #Statistiques\n \u2192  \n#TeamOM ~~1429686624.69285
RT @Footballogue: [#LDCLiveCamp] Thomas M\u00fcller a marque 28 buts en Ligue des Champions, un de plus que Ryan Giggs. ~~1429686743.96111
#toulouse fc EN DIRECT \/ LIVE. FC Lorient - Toulouse - Ligue 1 Football - 18 ... ~~1429687073.417672
