RT @Footballogue: [#LDCLiveCamp] Thomas M\u00fcller a marque 28 buts en Ligue des Champions, un de plus que Ryan Giggs. ~~1429716810.371638
RT @OM_Officiel: Focus sur le FC Lorient #Ligue1 #Statistiques\n \u2192  \n#TeamOM ~~1429716899.696285
RT @BreizhWeCan: Toi aussi soutiens le FC #Lorient \u26bd\ufe0f Objectif maintien en #Ligue1 \ud83d\ude04\nTweete #AllezLorient \ud83d\udc4d\n(RT apprecie) ~~1429716912.618802
RT @torontofc: FT - TFC's comeback falls short  #TFCLive ~~1429716996.447582
RT @BreizhWeCan: Toi aussi soutiens le FC #Lorient \u26bd\ufe0f Objectif maintien en #Ligue1 \ud83d\ude04\nTweete #AllezLorient \ud83d\udc4d\n(RT apprecie) ~~1429717039.612241
Goal Francois CLERC (7') - AS Saint-Etienne - FC Lorient (3-2) - 2013\/2014\nVia @Ligue1 ~~1429717212.680088
RT @OM_Officiel: #OMFCL : le jour ou Taiwo assomma Lorient... #But\n \u2192  \n#TeamOM ~~1429728310.904016
Marcelo #Bielsa n'a pas annonce son 11 de depart mais 3 joueurs sont incertains pour #OMFCL : #Ayew, Dja #Djedje et #Mendy. #TeamOM~~1429728593.974229
Kocaman g\u00fcl\u00fcmse \ud83d\ude02 #hayata #g\u00fcl\u00fcmse #iyiak\u015famlar #mutlu #ol ~~1429728652.182105
RT @neyymaar13: Vendredi y a pas d'autre choix que de gagne Lorient #TeamOM #tousensemble~~1429729872.185249
#Lorient Ayew, ce sale gosse: Vous avez ete 12 084 a designer votre tete a claques de la Ligue 1. Av...  #football~~1429729879.210387
Lorient : Au moins trois absents a Marseille  #FCLorient #Ligue1 #Rapha\u00eblGuerreiro #WesleyLautoa #BenjaminJeannot~~1429730175.145757
RT @loveofoot: Lorient : Au moins trois absents a Marseille  #FCLorient #Ligue1 #Rapha\u00eblGuerreiro #WesleyLautoa #Benj\u2026~~1429730334.843358
"RT @Mediafoot_OM: #OM Bielsa : \""Pas encore l'equipe totalement definie pour le match de Lorient\""~~1429730615.430182"
Football - Ligue 1 - Lorient diminue a Marseille ~~1429730806.912167
Football - Ligue 1 - Lorient diminue a Marseille  [SPORT24]~~1429731400.607801
#ligue1 Foot \/ L1 - 34e j. - Operation ''Bielsa no se va'': Avant de recevoir Lorient a...  ~~1429731522.73376
RT @loveofoot: Lorient : Au moins trois absents a Marseille  #FCLorient #Ligue1 #Rapha\u00eblGuerreiro #WesleyLautoa #Benj\u2026~~1429731833.980985
J'ai une place offerte pour #OMFCL vendredi, qui la veut? #TeamOM~~1429732017.785429
RT @OM_Officiel: Un lob pour battre Lorient #But\n \u2192  \n#TeamOM ~~1429732471.467742
RT @BlackOMAR13: J'ai une place offerte pour #OMFCL vendredi, qui la veut? #TeamOM~~1429732547.657809
RT @OM_Officiel: Focus sur le FC Lorient #Ligue1 #Statistiques\n \u2192  \n#TeamOM ~~1429732660.118209
#toulouse fc EN DIRECT \/ LIVE. FC Lorient - Toulouse - Ligue 1 Football - 18 ... ~~1429733267.129258
@danopaquette 1Tweet4 @TorontoFC_X2, Follow #TFCLive News. #TFC Tweets, UTubes, Stats, Pics &amp; More! Visit  RT!~~1429733362.496078
For Sale: Ping G20 Driver 9.5 Degree \/ Stiff Shaft Ping TFC\u2026  #uk #golfclubs #golfclubsforsale ~~1429733429.573916
@ScT07 @ptitcaillou59 leur saison elle demonte et eux c est pas etg ni lorient la serie a~~1429733809.425443
RT @duepintheva139: #etg fc Lorient 0-1 Toulouse : Lorient dans le rouge vif ~~1429733862.74504
