"RT @Fanny_Theo_: Metz, 2eme pire attaque de L1 a eu autant de peno cette saison que l'OM sur les 3 dernieres #TeamOM #footballbusiness #cor\u2026~~1429036744.51464760015Antoine Kombouare : \""Le FC Metz est performant chez lui.\"" #FCMRCL~~1429179545.096009AK : \""Dans tous les groupes, on parle d'avenir. Pas que chez nous. Ce n'est pas nouveau.\"" #FCMRCL #RCLens~~1429179554.716044Baptiste Guillaume, Ludovic Baal et Pierrick Valdivia forfait contre Metz ! #TeamLens #RCLens #Ligue1 #FCMRCL~~1429179555.509633RT @rclensofficiel: A. #Kombouare : \""On a recupere #Landre et @WylanCyprien.\"" #FCMRCL #rclens~~1429179561.497872AK : \""Beaucoup de joueurs peuvent penser a l'avenir. Mais l'interet individuel coincide avec l'interet collectif.\"" #FCMRCL #RCLens~~1429179600.226693A. #Kombouare : \""Mon avenir ? C'est le match de samedi.\"" #FCMRCL #rclens~~1429179600.594658RT @rclensofficiel: A. #Kombouare : \""On a recupere #Landre et @WylanCyprien.\"" #FCMRCL #rclens~~1429179619.913374AK : \""Mon avenir ? C'est le prochain match contre @FCMetz_officiel.\"" #FCMRCL #RCLens~~1429179620.620975A. #Kombouare : \""Il reste 18 points ! On va jouer le coup a fond et tout faire pour aller chercher le maintien.\"" #FCMRCL #rclens~~1429179626.355054RT @rclensofficiel: A. #Kombouare : \""Mon avenir ? C'est le match de samedi.\"" #FCMRCL #rclens~~1429179628.753028#ligue1 Foot \u2013 L1 \u2013 Metz \u2013 Le FC Metz sans Jonathan Rivierez contre Lens \nJonathan Rivierez a declare forfait pour\u2026 ~~1429179652.72794Foot - L1 - Metz - Le FC Metz sans Jonathan Rivierez contre Lens ~~1429179657.764469RT @rclensofficiel: A. #Kombouare : \""Mon avenir ? C'est le match de samedi.\"" #FCMRCL #rclens~~1429179662.264083Foot \u2013 L1 \u2013 Metz \u2013 Le FC Metz sans Jonathan Rivierez contre Lens\nJonathan Rivierez a declare forfait pour la renc... ~~1429179662.982023RT @rclensofficiel: A. #Kombouare : \""Mon avenir ? C'est le match de samedi.\"" #FCMRCL #rclens~~1429179666.843923A. #Kombouare : \""Je crois aux chances que l'on a de nous maintenir !\"" #FCMRCL #rclens~~1429179678.552171AK : \""Aujourd'hui, je crois aux chances de nous maintenir.\"" #FCMRCL #RCLens~~1429179679.752174RT @rclensofficiel: A. #Kombouare : \""@FCMetz_officiel est performant chez lui.\"" #FCMRCL #rclens~~1429179680.402102RT @rclensofficiel: A. #Kombouare : \""Il reste 18 points ! On va jouer le coup a fond et tout faire pour aller chercher le maintien.\"" #FCMRC\u2026~~1429179687.128891RT @rclensofficiel: A. #Kombouare : \""Il reste 18 points ! On va jouer le coup a fond et tout faire pour aller chercher le maintien.\"" #FCMRC\u2026~~1429179695.402578RT @rclensofficiel: A. #Kombouare : \""Il reste 18 points ! On va jouer le coup a fond et tout faire pour aller chercher le maintien.\"" #FCMRC\u2026~~1429179702.342037RT @rclensofficiel: A. #Kombouare : \""Je crois aux chances que l'on a de nous maintenir !\"" #FCMRCL #rclens~~1429179703.807427AK : \""Avec tout le respect que j'ai pour Metz, samedi on ne joue pas Paris, Lyon ou Marseille. C'est possible.\"" #FCMRCL #RCLens~~1429179706.525461New post: \""Foot - L1 - Metz - Le FC Metz sans Jonathan Rivierez contre Lens\"" ~~1429179713.428378A. #Kombouare : \""S'il y a une equipe contre qui on a des chances de gagner, c'est bien @FCMetz_officiel.\"" #FCMRCL #rclens~~1429179714.121857RT @rclensofficiel: L. #Landre : \""\u00c7a ne serait pas correcte de parler de l'avenir. On a un club a sauver !\"" #FCMRCL #rclens~~1429179730.726923RT @rclensofficiel: A. #Kombouare : \""Il reste 18 points ! On va jouer le coup a fond et tout faire pour aller chercher le maintien.\"" #FCMRC\u2026~~1429179741.205652RT @rclensofficiel: A. #Kombouare : \""Je crois aux chances que l'on a de nous maintenir !\"" #FCMRCL #rclens~~1429179753.442602RT @rclensofficiel: A. #Kombouare : \""@FCMetz_officiel cravache comme un fou, comme nous.\"" #FCMRCL #rclens~~1429179762.318907Foot - L1 - Metz - Le FC Metz sans Jonathan Rivierez contre Lens ===&gt; Full thread here :  &lt;=== ~~1429179766.507627RT @rclensofficiel: A. #Kombouare : \""S'il y a une equipe contre qui on a des chances de gagner, c'est bien @FCMetz_officiel.\"" #FCMRCL #rcle\u2026~~1429179771.4128RT @rclensofficiel: A. #Kombouare : \""@FCMetz_officiel cravache comme un fou, comme nous.\"" #FCMRCL #rclens~~1429179772.91361A. #Kombouare : \""Je vis la saison la plus compliquee de ma carriere.\"" #FCMRCL #rclens~~1429179774.600709AK : \""Aujourd'hui je vis la saison la plus compliquee de ma carriere. Cette situation ne me plait pas.\"" #FCMRCL #RCLens~~1429179777.059336RT @rclensofficiel: A. #Kombouare : \""@FCMetz_officiel a eu une coupure. Je m'attends a jouer un gros match.\"" #FCMRCL #rclens~~1429179777.635114RT @rclensofficiel: A. #Kombouare : \""S'il y a une equipe contre qui on a des chances de gagner, c'est bien @FCMetz_officiel.\"" #FCMRCL #rcle\u2026~~1429179782.888667RT @rclensofficiel: A. #Kombouare : \""Mon avenir ? C'est le match de samedi.\"" #FCMRCL #rclens~~1429179792.747601RT @rclensofficiel: A. #Kombouare : \""Il reste 18 points ! On va jouer le coup a fond et tout faire pour aller chercher le maintien.\"" #FCMRC\u2026~~1429179798.451721Ligue 1 Metz Le FC Metz sans Jonathan Rivierez contre Lens - L'\u00c9quipe.fr - Actualite Metz - Lorraine :  - #Metz #Lo\u2026~~1429179805.827719RT @LensoisComLive: AK : \""Avec tout le respect que j'ai pour Metz, samedi on ne joue pas Paris, Lyon ou Marseille. C'est possible.\"" #FCMRCL\u2026~~1429179809.099262AK : \""Aujourd'hui je vis la saison la plus compliquee de ma carriere. Cette situation ne me plait pas.\"" #FCMRCL #RCLens~~1429179810.507928RT @LensoisComLive: AK : \""Aujourd'hui je vis la saison la plus compliquee de ma carriere. Cette situation ne me plait pas.\"" #FCMRCL #RCLens~~1429179819.324124Antoine Kombouare : \""S'il y a une equipe contre qui on a des chances de gagner, c'est bien face au FC Metz\"" #FCMRCL~~1429179827.639716RT @rclensofficiel: A. #Kombouare : \""Je vis la saison la plus compliquee de ma carriere.\"" #FCMRCL #rclens~~1429179848.919924RT @rclensofficiel: A. #Kombouare : \""S'il y a une equipe contre qui on a des chances de gagner, c'est bien @FCMetz_officiel.\"" #FCMRCL #rcle\u2026~~1429179864.75066A. #Kombouare : \""A @FCMetz_officiel il y a la 2e plus belle pelouse de France.\"" #FCMRCL #rclens~~1429179870.907576@DataRoomCanal @CanalFootClub @OptaJean @canalplus @staderennais @girondins @PSG_inside @OM_Officiel @MontpellierHSC @FCMetz_officiel~~1429179884.385854AK : \""Face a @FCMetz_officiel je vais mettre une equipe offensive.\"" #FCMRCL #RCLens~~1429179893.544979RT @Rss_RclensBasta: Baptiste Guillaume, Ludovic Baal et Pierrick Valdivia forfait contre Metz ! #TeamLens #RCLens #Ligue1 #FCMRCL~~1429179903.323077Le FC Metz sans Jonathan Rivierez contre Lens ~~1429179903.671978RT @LensoisComLive: AK : \""Aujourd'hui je vis la saison la plus compliquee de ma carriere. Cette situation ne me plait pas.\"" #FCMRCL #RCLens~~1429179908.746933RT @lequipe: Le FC Metz sans Jonathan Rivierez contre Lens ~~1429179912.962682RT @LensoisComLive: AK : \""Face a @FCMetz_officiel je vais mettre une equipe offensive.\"" #FCMRCL #RCLens~~1429179926.360307RT @rclensofficiel: A. #Kombouare : \""A @FCMetz_officiel il y a la 2e plus belle pelouse de France.\"" #FCMRCL #rclens~~1429179931.436201AK : \""La goal-line technology ? Une innovation qui permet de faire moins d'erreurs d'arbitrage. C'est une bonne chose.\"" #FCMRCL #RCLens~~1429179932.414886La pepite nantaise suivie par l' #OM ne jouera pas vendredi  @FCMarseille @gknkoudou~~1429179933.767953RT @LensoisComLive: AK : \""Face a @FCMetz_officiel je vais mettre une equipe offensive.\"" #FCMRCL #RCLens~~1429179936.199061RT @rclensofficiel: Antoine #Kombouare avant @FCMetz_officiel : ' Jouer le coup a fond ! '  #FCMRCL #rclens ~~1429194336.819534"
RT @rclensofficiel: Antoine #Kombouare avant @FCMetz_officiel : ' Jouer le coup a fond ! '  #FCMRCL #rclens ~~1429194429.697163
32a di Ligue 1- In attesa del recupero tra Psg e Metz, il Lione batte il Bastia e vola in vetta  via @o5o61979~~1429194452.742897
RT @rclensofficiel: Antoine #Kombouare avant @FCMetz_officiel : ' Jouer le coup a fond ! '  #FCMRCL #rclens ~~1429194532.85624
"RT @rclensofficiel: A. #Kombouare : \""S'il y a une equipe contre qui on a des chances de gagner, c'est bien @FCMetz_officiel.\"" #FCMRCL #rcle\u2026~~1429194709.938828"
RT @rclensofficiel: Antoine #Kombouare avant @FCMetz_officiel : ' Jouer le coup a fond ! '  #FCMRCL #rclens ~~1429195474.250729
Loick #Landre avant @FCMetz_officiel : ' On a un club a sauver ! '  #FCMRCL #rclens ~~1429196350.391942
RT @rclensofficiel: Loick #Landre avant @FCMetz_officiel : ' On a un club a sauver ! '  #FCMRCL #rclens ~~1429196405.266199
RT @RMCsport: Quand le FC Metz a mis 4 buts au Barca au Camp Nou &gt;&gt; ~~1429196412.594663
@Marion_OL69 OL - PSG - FCGB - Guingamp - Rennes - Evian .. Metz - Arles-Avignon .. Le poiree sur vie - Chateauford sur Loire 4 - OM~~1429196445.910369
RT @rclensofficiel: Loick #Landre avant @FCMetz_officiel : ' On a un club a sauver ! '  #FCMRCL #rclens ~~1429196506.440768
RT @RMCsport: Quand le FC Metz a mis 4 buts au Barca au Camp Nou &gt;&gt; ~~1429196566.253827
RT @RMCsport: Quand le FC Metz a mis 4 buts au Barca au Camp Nou &gt;&gt; ~~1429196625.195999
"\""Loic Landre avant FCMetz : ' On a un club a sauver ! '\n\nA 6 match de la fin de saison en etant dernier.. ca se reveille un peu tard~~1429196677.688068"
"RT @AntoineMaes: Comment le #PSG va se qualifier chez le #Barca : Y aller \""completement en touriste\"". #TeamMetz  http\u2026~~1429196695.189393"
"RT @LensoisComLive: AK : \""Messi sur la pelouse de la Licorne ? Ce serait interessant a voir.\"" #FCMRCL #RCLens~~1429197059.378875"
RT @rclensofficiel: Loick #Landre avant @FCMetz_officiel : ' On a un club a sauver ! '  #FCMRCL #rclens ~~1429197366.05277
#FCNOM : Un defenseur Nantais met la pression sur l'arbitre du match... #FCM #TeamOM #SuppOM #FerveurM #Elm ~~1429197369.51596
RT @RMCsport: Quand le FC Metz a mis 4 buts au Barca au Camp Nou &gt;&gt; ~~1429197400.459838
Objectif : trouver des places pour FC Metz-OM #TeamOM~~1429197444.464509
RT @HerrKlein_: Objectif : trouver des places pour FC Metz-OM #TeamOM~~1429197493.859105
Je ne pourrais surement pas faire de live sur des les 2 prochains matchs des girondins #LOSCFCGB et #FCGBFCM #TeamFCGB #TeamGirondins~~1429197829.377503
"RT @rclensofficiel: A. #Kombouare : \""@FCMetz_officiel a eu une coupure. Je m'attends a jouer un gros match.\"" #FCMRCL #rclens~~1429228119.41439"
"RT @rclensofficiel: A. #Kombouare : \""@FCMetz_officiel cravache comme un fou, comme nous.\"" #FCMRCL #rclens~~1429228123.776854"
FC Metz - #Toulouse FC : un match capital ~~1429228137.608619
RT @OFCMommiesForKN: Moms make the family budget. Why TFC is still not on the chopping board? It's because of KathNiel. #WeWantPSYOnMay18 @\u2026~~1429660456.611725
LIVE #Ligue1 26 Apr: Bordeaux VS Metz 01.00 WIB on @beINSPORTSid 2 cc: @48Footy @Football48fam @SiaranBolaLive_ @Football_Maniak~~1429662989.00153
LIVE #Ligue1 26 Apr: Bordeaux VS Metz 01.00 WIB on @beINSPORTSid 2 cc: @48Footy @Football48fam @SiaranBolaLive_ @Football_Maniak~~1429663752.781934
LIVE #Ligue1 30 Apr: PSG VS Metz 02.00 WIB on @beINSPORTSid 2 cc: @48Footy @Football48fam @SiaranBolaLive_ @FansPSG_ID @PSGClubIndo~~1429664436.191238
RT @Mordu2Foot: Le defi du PSG ce soir, n'est pas sans rappeler celui du FC Metz en 1984 (aller: 2-4 a Metz), qui avait realise l'exploit a\u2026~~1429673727.068603
RT @jplusun: Il a cree l'exploit au Camp Nou en 1984 avec Metz. Rencontre avec Tony Kurbos pendant @ogcnice \/ @PSG_inside ~~1429674164.434359
RT @OFCMommiesForKN: Moms make the family budget. Why TFC is still not on the chopping board? It's because of KathNiel. #WeWantPSYOnMay18 @\u2026~~1429679060.712742
#girondins de bordeaux Des tarifs avantageux pour la venue de Metz ~~1429681794.024441
Jour de match : FC Vendenheim - FC Metz. \u26bd~~1429682027.175738
c'est etrange, @lemondefr m'envoie des alertes sportives pour le #PSG, mais jamais pour l'#ASNL ou le #FCMetz cc @csny~~1429682609.832055
#girondins de bordeaux Des tarifs avantageux pour la venue de Metz ~~1429682739.472991
Klasik M\u00fczik Dinletisi - Baroktan G\u00fcn\u00fcm\u00fcze   #om\u00fc #samsun #\u00fcniversite~~1429682974.452083
FC Metz - #Toulouse FC : un match capital ~~1429683090.293342
Metz a repris confiance face au RC Lens  #rclens~~1429684200.081242
Metz a repris confiance face au RC Lens #RCLens #ligue1 #foot ~~1429684318.575963
RT @jplusun: Tony Kurbos a fait plier le Barca au Camp Nou en 84 avec le FC Metz. Rencontre a l'occasion de @ogcnice \/ @PSG_inside #Jplus1~~1429685032.85995
RT @jplusun: Tony Kurbos a fait plier le Barca au Camp Nou en 84 avec le FC Metz. Rencontre a l'occasion de @ogcnice \/ @PSG_inside #Jplus1~~1429685076.851883
RT @JFCMalaysia: Matchday ! \nUEFA Champions League 14-15\n2nd leg Quarterfinal\nAS Monaco v Juventus\nThursday 23 April 2.40am\nLive on Astro c\u2026~~1429686457.391507
"Quoi De Neuf ? (2\/112)\n@lerepu @rl_metz \n#humour \n\""Pas de Miracle pour #PSG\""\nNormal #MESSI et au #Barca \n#BARPSG FIN. ~~1429687254.396402"
Pronostic Girondins de Bordeaux FC Metz du samedi 25 avril\u00a02015 ~~1429687391.094851
