Football: Lyon go top of Ligue 1 after defeating Bastia  #civil_vision~~1429130045.731266ut le ...  #7s7 #Belgique~~1429130042.384007690684215086~~1429036596.716285RT @OL_Plus: La course folle du 'TGV' Clinton #Njie enflamme Twitter\n#OL #TeamOL #OLSCB \n(20 Minutes : ~~1429176140.811294RT @chennoufmeyer: pour la @LFPfr, @ThiriezFrederic, @nimesolympique, @s_c_bastia, @OM_Officiel. Messieurs de la LFP, reveillez-vous! ~~1429179552.508847RT @jacques_clement: Enquete ouverte a Paris sur les menaces de mort contre Frederic Thiriez #LFP #Bastia #PSG #AFP ~~1429179650.740359Belle victoire de @OL hier face a bastia! Avec le retour de @clemgrenier ! Vivement dimanche pour le derby ! #teamol #therewillbehaters~~1429179693.536079#Pronostic Bastia - Reims ( #Ligue1 )  #PronosticFoot: Ce samedi, le stade Armand Cesari de Furi...  #ParionsSport~~1429179777.961725RT @francebleuDA: Le retour gagnant de l'Ardechois @clemgrenier avec @OL hier soir face a #Bastia #FBsport  ~~1429179805.448451RT @Arbitres_L1: Une ouverture du score contestable pour l'#OL  #OLSCB #Bastia #L1~~1429179874.820526RT @gerardcollomb: #OLeader : le hashtag de la soiree...et je l'espere pour les prochaines semaines pour l'@OL ;-) #TeamOL #OLSCB #Lyon~~1429179889.035987RT @HyundaiFrance: Que c'est beau une victoire a la maison ! \ud83d\ude33 Felicitations aux #Gones ! #TeamOL #OLSCB #i20 Cc @OL ~~1429192644.183214
Lyon le pega 2-0 al Bastia y le roba provisionalmente la cima al PSG  #Ligue1 ~~1429194027.943798
RT @OL_Plus: La course folle du 'TGV' Clinton #Njie enflamme Twitter\n#OL #TeamOL #OLSCB \n(20 Minutes : ~~1429194384.878494
32a di Ligue 1- In attesa del recupero tra Psg e Metz, il Lione batte il Bastia e vola in vetta  via @o5o61979~~1429194452.727291
RT @RegKumar8: Clinton Njie vu du banc Bastiais... #OLSCB @OL ~~1429194896.214471
RT @RegKumar8: Clinton Njie vu du banc Bastiais... #OLSCB @OL ~~1429194903.698384
RT @RegKumar8: Clinton Njie vu du banc Bastiais... #OLSCB @OL ~~1429194934.797763
@sylwiltord camouflage pyjama ... A mi-chemin entre la tenue de du @s_c_bastia et celle de Nelson Monfort~~1429194938.994716
RT @LPLyonnaise: #Lacazette #derby #ASSE #OL #OLASSE #OLSCB #TeamOL ~~1429195048.600137
RT @infosportplus: Ligue 1 : J32 :\n\nLYON 2 - 0 BASTIA\n\n1-OL 64\n2-PSG 62 (-1)\n3-ASM 58\n4-OM 57\n5-ASSE 56~~1429195090.2823
RT @beinsports_FR: [LIGUE 1] Olympique Lyonnais 2-0 SC Bastia\n77e M.Yattara, 85e A.Lacazette #OLSCB ~~1429195124.65565
RT @PSG_inside: Vos photos passeront sur les ecrans du Stade de France lors de la finale face a @s_c_bastia ! #ParisVilleDeBeaute ~~1429195148.236103
Resultat Ligue 1 : OL 2-0 #SC Bastia (mi-temps) ~~1429195368.280731
RT @appolonie2b: A la 20eme minute le #PSG n'aura pas eu de penalty et le #Barca n'aura pas eu d'expulse #ghjustizia #forzabastia #ThiriezD\u2026~~1429195485.053741
RT @RegKumar8: Clinton Njie vu du banc Bastiais... #OLSCB @OL ~~1429195793.069792
RT @RegKumar8: Clinton Njie vu du banc Bastiais... #OLSCB @OL ~~1429195811.382518
#Bastia Le Sporting Club Bastia saisit le Comite national d'ethique: Trois jours apre le refus de F...  #football~~1429195831.494664
RT @RegKumar8: Clinton Njie vu du banc Bastiais... #OLSCB @OL ~~1429195845.028553
RT @RegKumar8: Clinton Njie vu du banc Bastiais... #OLSCB @OL ~~1429195865.327591
RT @RegKumar8: Clinton Njie vu du banc Bastiais... #OLSCB @OL ~~1429195967.997389
RT @RegKumar8: Clinton Njie vu du banc Bastiais... #OLSCB @OL ~~1429195969.127581
Olympique #Lyon derrota al #Bastia y vuelve a subir a la cima de la #Ligue1. ~~1429196371.841474
#LIGUE1 #PSG - Programme finale coupe de la ligue SC Bastia \/ Paris Saint Germain - 11\/...  ~~1429196546.520903
#PSG - Programme finale coupe de la ligue SC Bastia \/ Paris Saint Germain - 11\/04\/2015:...  ~~1429196548.849126
RT @HyundaiFrance: Que c'est beau une victoire a la maison ! \ud83d\ude33 Felicitations aux #Gones ! #TeamOL #OLSCB #i20 Cc @OL ~~1429196553.036823
RT @Margot_Dumont: Temps magnifique sur Lyon ! Conditions ideales pour un beau match de foot @OL \/ @s_c_bastia - @beinsports_FR \ud83d\ude04\u2600\ufe0f ~~1429196557.724571
OL - SC Bastia : Francois Modesto evoque la defaite du SC Bastia #SCBastia #ligue1 #foot ~~1429196573.15307
RT @HyundaiFrance: Que c'est beau une victoire a la maison ! \ud83d\ude33 Felicitations aux #Gones ! #TeamOL #OLSCB #i20 Cc @OL ~~1429196840.663265
RT @RegKumar8: Clinton Njie vu du banc Bastiais... #OLSCB @OL ~~1429197101.894148
Coupe de la Ligue: Paul Giacobbi denonce le refus de Thiriez de saluer les joueurs #SCBastia #ligue1 #foot ~~1429197113.870082
OL \u2013 Bastia : Fekir avait des douleurs dorsales #OLY #ligue1 #foot ~~1429197126.476418
RT @beinsports_FR: [LIGUE 1] Olympique Lyonnais 2-0 SC Bastia\n77e M.Yattara, 85e A.Lacazette #OLSCB ~~1429197179.232146
RT @beinsports_FR: [LIGUE 1] Olympique Lyonnais 2-0 SC Bastia\n77e M.Yattara, 85e A.Lacazette #OLSCB ~~1429197183.045656
RT @Deportes_etc: Olympique #Lyon derrota al #Bastia y vuelve a subir a la cima de la #Ligue1. ~~1429197194.860839
RT @beinsports_FR: [LIGUE 1] Olympique Lyonnais 2-0 SC Bastia\n77e M.Yattara, 85e A.Lacazette #OLSCB ~~1429197296.507669
hn_ns @ Stade de Gerland for #Olympique #Lyon - #Bastia in the Ligue 1.\n\n ~~1429197424.327206
RT @Mariinee_CG7: Belle Victoire de L'@OL hier contre Bastia. Et un super retour de @clemgrenier #TeamCG7 #TeamOL\ud83d\udd34\ud83d\udd35 ~~1429197658.243807
Apre son rouge en #CDL avec #Bastia, #Squillaci fixe ce soir sur la duree de sa suspension. Deja 1 m. purge, hier a l'#OL. #LFP~~1429197723.47839
RT @RegKumar8: Clinton Njie vu du banc Bastiais... #OLSCB @OL ~~1429197789.258729
#OL #teamOL OL \u2013 Bastia : Fekir avait des douleurs dorsales: Alors que la sortie de Nabil Fekir face a Bastia ... ~~1429198041.360235
RT @Margot_Dumont: Temps magnifique sur Lyon ! Conditions ideales pour un beau match de foot @OL \/ @s_c_bastia - @beinsports_FR \ud83d\ude04\u2600\ufe0f ~~1429227800.569829
#olympique lyonnais Lyon-Bastia : avant PSG-Barca, l'OL peut reprendre les commandes ... ~~1429228263.353442
RT @beinsports_FR: [LIVE - 19H55] @s_c_bastia - @Stade_de_Reims en integralite et en exclusivite sur beIN SPORTS MAX 4 ~~1429660775.385151
RT @beinsports_FR: [LIVE - 19H55] @s_c_bastia - @Stade_de_Reims en integralite et en exclusivite sur beIN SPORTS MAX 4 ~~1429661186.159358
RT @beinsports_FR: [LIVE - 19H55] @s_c_bastia - @Stade_de_Reims en integralite et en exclusivite sur beIN SPORTS MAX 4 ~~1429661270.370775
David Luiz is possibly the worst central defender I've seen since David Luiz #UCL \n#PSG \n#psgxbarca \n#PSGSCB \n#PSGBAR \n#DavidLuiz \n#Chelsea~~1429662394.587978
So far, so good. Sebastian Giovinco is the #TFC player of the week:  #COYR ~~1429662678.189943
RT @torontofc: So far, so good. Sebastian Giovinco is the #TFC player of the week:  #COYR ~~1429662715.687607
RT @torontofc: So far, so good. Sebastian Giovinco is the #TFC player of the week:  #COYR ~~1429662732.308171
RT @torontofc: So far, so good. Sebastian Giovinco is the #TFC player of the week:  #COYR ~~1429662804.475965
RT @torontofc: So far, so good. Sebastian Giovinco is the #TFC player of the week:  #COYR ~~1429662898.704443
RT @torontofc: So far, so good. Sebastian Giovinco is the #TFC player of the week:  #COYR ~~1429662946.675607
RT @torontofc: So far, so good. Sebastian Giovinco is the #TFC player of the week:  #COYR ~~1429662951.696456
RT @torontofc: So far, so good. Sebastian Giovinco is the #TFC player of the week:  #COYR ~~1429663097.384708
RT @torontofc: So far, so good. Sebastian Giovinco is the #TFC player of the week:  #COYR ~~1429663311.233672
RT @beinsports_FR: [LIVE - 19H55] @s_c_bastia - @Stade_de_Reims en integralite et en exclusivite sur beIN SPORTS MAX 4 ~~1429663514.944329
RT @torontofc: So far, so good. Sebastian Giovinco is the #TFC player of the week:  #COYR ~~1429663557.133461
RT @torontofc: So far, so good. Sebastian Giovinco is the #TFC player of the week:  #COYR ~~1429663619.328173
RT @beinsports_FR: [LIVE - 19H55] @s_c_bastia - @Stade_de_Reims en integralite et en exclusivite sur beIN SPORTS MAX 4 ~~1429663892.345706
RT @torontofc: So far, so good. Sebastian Giovinco is the #TFC player of the week:  #COYR ~~1429663918.712148
RT @rodrigue_sed: Tre beau but de @LacazetteAlex (2e but) #OLSCB @s_c_bastia @OL @Ligue1\nCc @BilalNedman #CoupDeCoeur pour le @LeSportingC\u2026~~1429664190.577087
RT @torontofc: So far, so good. Sebastian Giovinco is the #TFC player of the week:  #COYR ~~1429665177.932774
RT @Anthony02P: ICI C'EST L'ENTERREMENT \ud83d\ude02\ud83d\ude02\ud83d\ude02\nFacile face a BASTIA mais contre un grand Europe...  Sa donne 1-3 et 2-0 #TeamOM #AntiPSG ~~1429665389.754593
RT @beinsports_FR: [LIGUE 1] Olympique Lyonnais 2-0 SC Bastia\n77e M.Yattara, 85e A.Lacazette #OLSCB ~~1429665430.536201
RT @torontofc: So far, so good. Sebastian Giovinco is the #TFC player of the week:  #COYR ~~1429671134.041219
RT @beinsports_FR: [LIVE - 19H55] @s_c_bastia - @Stade_de_Reims en integralite et en exclusivite sur beIN SPORTS MAX 4 ~~1429671150.820213
Hora EVIAN THONON GAILLARD vs #BASTIA del 25\/04\/2015  #evianthonongaillard #ligue1defrancia~~1429671393.441384
RT @beinsports_FR: [LIVE - 19H55] @s_c_bastia - @Stade_de_Reims en integralite et en exclusivite sur beIN SPORTS MAX 4 ~~1429672955.717643
Watching a recorded #Ligue1 game between #Lyon and #bastia ....as you do~~1429673628.692779
RT @LFPfr: #Ligue1 - J32 - Victoire de l'Olympique Lyonnais face au SC Bastia (2-0)  #OLSCB cc @OL @s_c_bastia~~1429674782.305723
RT @beinsports_FR: [LIVE - 19H55] @s_c_bastia - @Stade_de_Reims en integralite et en exclusivite sur beIN SPORTS MAX 4 ~~1429675129.780473
RT @torontofc: So far, so good. Sebastian Giovinco is the #TFC player of the week:  #COYR ~~1429676504.972487
RT @beinsports_FR: [LIGUE 1] Olympique Lyonnais 2-0 SC Bastia\n77e M.Yattara, 85e A.Lacazette #OLSCB ~~1429677621.785513
"RT @etgfc: #Thomasson pour @beinsports_FR : \""c'est un bon point il faudra le bonifier contre @s_c_bastia\"" #EAGETG #ETGFC ~~1429678085.186219"
RT @infosportplus: Le FLOP de la soiree de @ReynaldPedros : le @FCLorientOff et @s_c_bastia ! #Ligue1~~1429680780.528904
Dans ma TL y en a pleins qui vont a Monaco Juve et tout et y a moi qui vais a ETG Bastia samedi keskia?!~~1429682100.828291
RT @torontofc: Sebastian Giovinco is the #TFC player of the week:  #COYR ~~1429682505.192287
RT @LFPfr: #Ligue1 - J32 - Victoire de l'Olympique Lyonnais face au SC Bastia (2-0)  #OLSCB cc @OL @s_c_bastia~~1429683462.22577
RT @LFPfr: #Ligue1 - J32 - Victoire de l'Olympique Lyonnais face au SC Bastia (2-0)  #OLSCB cc @OL @s_c_bastia~~1429683641.691466
RT @beinsports_FR: [LIVE - 19H55] @s_c_bastia - @Stade_de_Reims en integralite et en exclusivite sur beIN SPORTS MAX 4 ~~1429684196.768584
RT @beinsports_FR: [LIGUE 1] Olympique Lyonnais 2-0 SC Bastia\n77e M.Yattara, 85e A.Lacazette #OLSCB ~~1429684588.835999
RT @torontofc: So far, so good. Sebastian Giovinco is the #TFC player of the week:  #COYR ~~1429684618.659096
RT @beinsports_FR: [LIVE - 19H55] @s_c_bastia - @Stade_de_Reims en integralite et en exclusivite sur beIN SPORTS MAX 4 ~~1429687567.183836
SC Bastia interested in Paul Nardi: Get French Football News\u00a0understands that Ligue 1 side SC Bastia are inter... ~~1429687612.563526
