#ASSE , #Bastia... Quelles sont les dix victimes favorites de Zlatan Ibrahimovic ?\n~~1429716646.173601
ASSE, Bastia... Quelles sont les dix victimes favorites de Zlatan Ibrahimovic ?: Depuis son arrivee en...  #TeamOM~~1429716759.351791
RT @torontofc: ICYMI - Sebastian Giovinco is the #TFC player of the week.  #COYR ~~1429716824.109854
RT @torontofc: Sebastian Giovinco is the #TFC player of the week:  #COYR ~~1429716872.922186
RT @torontofc: WATCH: Sebastian Giovinco scores twice in #TFC loss over the weekend. ~~1429716931.522834
RT @torontofc: WATCH: Sebastian Giovinco's free kick brings #TFC within one in Dallas. ~~1429716972.755002
RT @_InfosFoot_: #ASSE , #Bastia... Quelles sont les dix victimes favorites de Zlatan Ibrahimovic ?\n~~1429717001.463478
Bastia : Saison terminee pour Sebastien Squillaci  #SebastienSquillaci #SCBastia #Ligue1~~1429727571.743543
RT @torontofc: ICYMI - Sebastian Giovinco is the #TFC player of the week.  #COYR ~~1429727852.331073
RT @torontofc: So far, so good. Sebastian Giovinco is the #TFC player of the week:  #COYR ~~1429727869.82811
RT @torontofc: Sebastian Giovinco is the #TFC player of the week:  #COYR ~~1429727890.495214
Profitons de #ASMJUV et #RMAATM. Samedi c'est Caen-Guingamp et ETG-Bastia...~~1429728233.888149
RT @beinsports_FR: [LIGUE 1] Olympique Lyonnais 2-0 SC Bastia\n77e M.Yattara, 85e A.Lacazette #OLSCB ~~1429729373.812219
"RT @Mediafoot_OM: #OM Bielsa : \""On a eu 5 matchs bp moins bons que les autres cette saison : Bastia, les 2 rencontres face a Montpellier, G\u2026~~1429730647.030532"
ETG FC \u2013 Bastia : devenez VIP avec l'' Early Fan ' ! #ETGFC #ligue1 #foot ~~1429732399.497123
Aller monaco faite honneur a la ligue 1 pas comme Paris .. #ASMJUV #PSGSCB~~1429732935.49125
ETG FC \u2013 Bastia : devenez VIP avec l'' Early Fan ' ! ~~1429733376.367423
RT @etgfc: ETG FC \u2013 Bastia : devenez VIP avec l'' Early Fan ' ! ~~1429733414.592306
@marsimonelli nn offendermi il @s_c_bastia ..loro il PSG l'hanno battuto..~~1429733692.402769
@igolmar @s_c_bastia ahahah. Tu che squadra suggerisci?~~1429733777.809523
@marsimonelli @s_c_bastia al mom nn me ne vengono..ma Empoli e Bastia no..~~1429733949.410776
